Date,INFY.NS,RELIANCE.NS,TCS.NS,Portfolio
2023-01-03,-0.0009513557058984379,-0.007317846942682227,0.015300028145159184,0.0023436084988595063
2023-01-04,-0.018226111306299586,-0.015056372900683068,0.0009965139230720954,-0.010761990094636853
2023-01-05,-0.01311221945270391,-0.0017867113818760272,-0.0010707143250305862,-0.0053232150532035085
2023-01-06,-0.018099155173059378,0.009088885255934764,-0.030065761422152226,-0.013025343779758947
2023-01-09,0.024818758812122255,0.023611361306151935,0.03375309516583491,0.027394405094703034
2023-01-10,-0.009902686600138821,-0.014787286023285828,-0.010105663199787562,-0.01159854527440407
2023-01-11,0.0010206124779701398,-0.01260555979156397,0.012871450146427543,0.0004288342776112377
2023-01-12,0.0063552711369150305,-0.02159420047461358,0.0016974128869777783,-0.004513838816906922
2023-01-13,0.015567910126549123,-0.001618224691639858,0.012056198912910654,0.008668628115939974
2023-01-16,0.014531449000467767,-0.009523522608857027,0.0104559396310282,0.005154622007546313
2023-01-17,0.009177186391672754,0.014197364859497963,0.013302217909511915,0.012225589720227543
2023-01-18,0.0038325571358281962,-0.0016538705922585217,0.0034335128169364904,0.0018707331201687216
2023-01-19,-0.004206185332602752,-0.0010708374651342556,-0.004985113180315026,-0.0034207119926840113
2023-01-20,-0.008675029002533363,-0.011892980161563704,-0.002964656836052404,-0.007844222000049824
2023-01-23,0.014716068521197778,-0.005056059476819086,0.015402222692147083,0.00835407724550859
2023-01-24,0.0025192834813849707,-0.005904560308146678,0.006266880195823665,0.0009605344563539859
2023-01-25,-0.005734849532886721,-0.01382486439006081,-0.0019061476080103334,-0.007155287176985953
2023-01-30,0.01293490239398154,0.009583675454915452,0.0066254883430769684,0.009714688730657986
2023-01-31,-0.0032818474875944137,-0.0025004051188896037,-0.021827986501165464,-0.00920341303588316
2023-02-01,0.011312107049161302,-0.005926381183538054,0.014782269243953428,0.006722665036525558
2023-02-02,0.021049495429773968,-0.0055345290661914515,0.015271423079295632,0.010262129814292715
2023-02-03,0.009881767893675342,0.0008810710385502851,0.006328702186446211,0.005697180372890612
2023-02-06,-0.018475816307042092,-0.007535498857808909,-0.006418192440876935,-0.010809835868575979
2023-02-07,-0.004745621479117612,-0.002401102737233929,0.003641840423768805,-0.0011682945975275787
2023-02-08,0.01798520915699564,0.019970567736533607,0.013693004487582261,0.017216260460370503
2023-02-09,0.01666139731227778,0.0017431839370580793,0.005894750146756111,0.008099777132030656
2023-02-10,-0.005225746469065151,-0.008233935613976229,-0.0009319800043019466,-0.0047972206957811086
2023-02-13,-0.025551068252108844,-0.0056920287222117505,-0.015590013926328639,-0.015611036966883077
2023-02-14,0.01645992724953138,0.023565085912361505,0.005082829144003265,0.015035947435298716
2023-02-15,0.002385078082694614,0.022644065555321946,0.005871170248388902,0.01030010462880182
2023-02-16,0.00297429544668093,-0.0007811255266741979,0.010623295198562754,0.004272155039523162
2023-02-17,-0.011237362993847033,0.004176742358842578,-0.01599216537294501,-0.007684262002649822
2023-02-20,0.0054615160942781404,-0.010572882062098832,-0.003955729134876518,-0.0030223650342324025
2023-02-21,-0.008132061455095263,0.008159430471287976,-0.01040905114494306,-0.003460560709583449
2023-02-22,-0.011206076976450707,-0.022677781427524635,-0.014329287453377249,-0.01607104861911753
2023-02-23,-0.007107141554454022,-0.004792167607163611,0.003601271187465782,-0.0027660126580506166
2023-02-24,-3.235891235253696e-05,0.006842678152528814,-0.00391051842985779,0.000966600270106162
2023-02-27,-0.026666237489485156,-0.006649328655966902,-0.02017395366585817,-0.01782983993710341
2023-02-28,-0.014410646364360846,-0.01913130190652368,-0.005702347196695157,-0.01308143182252656
2023-03-01,0.0057141461309973,0.009192379673834017,0.02198991586295551,0.012298813889262275
2023-03-02,-0.01597537719133968,-0.007615374040462974,-0.018976819734757178,-0.014189190322186608
2023-03-03,0.004856776712497846,0.025515304630292057,0.006232198798637789,0.01220142671380923
2023-03-06,0.019029182644811016,0.009767736974090058,0.008886578724380367,0.012561166114427147
2023-03-09,-0.008239993258916889,-0.024034590376451392,-0.015794509145225955,-0.016023030926864742
2023-03-10,-0.00597820345509803,-0.015492084678396023,-0.0017530102093055167,-0.007741099447599856
2023-03-13,-0.024769822266148434,-0.016446548515850257,-0.014725482739087026,-0.018647284507028572
2023-03-14,-0.010521922526864014,-0.0037425253085450194,-0.020414705168648406,-0.011559717668019146
2023-03-15,-0.0002463300755525255,-0.017091736536458013,-0.0049923979900934334,-0.0074434882007013235
2023-03-16,-0.010953513524865621,-0.004984330095755052,-0.004345007432271397,-0.006760950350964023
2023-03-17,0.011822559420404666,-0.0012578657152514383,-0.0017895789842699017,0.002925038240294442
2023-03-20,-0.012001174456654495,-0.009828593079971859,-0.011323258399092984,-0.01105100864523978
2023-03-21,-0.009225971391570775,0.031095783633779517,-0.011834761288003648,0.0033450169847350315
2023-03-22,-0.0010425441868183727,0.0030401228113476897,0.007952084426583905,0.003316554350371074
2023-03-23,-0.010581279098565433,-0.01265031944699424,-0.0019645360917051047,-0.008398711545754925
2023-03-24,0.004437820260436043,-0.019797240492086754,-0.001327901087935901,-0.005562440439862204
2023-03-27,0.006011681126681934,0.01554480517943757,0.0005766993553710797,0.0073777285538301944
2023-03-28,-0.00817175804006598,0.004670462623840299,-0.002049805451705411,-0.0018503669559770302
2023-03-29,0.004319300301370399,-0.005916375657558426,0.0073814727929597534,0.0019281324789239087
2023-04-03,-0.011975196167310798,0.00017161391183129204,-0.0018401822842853965,-0.004547921513254967
2023-04-06,-0.0011592957869476228,0.006707216402868088,-0.005895500270684972,-0.00011585988492150245
2023-04-11,-0.015025201587997028,0.004946597997528501,-0.015198903061581448,-0.008425835550683325
2023-04-12,0.015752198601417966,0.00440857578897802,0.008665748906228954,0.00960884109887498
2023-04-13,-0.02737524615663889,0.003771374655578308,-0.016287926682341913,-0.013297266061134164
2023-04-18,0.0008343785101836421,-0.011446948301233273,-0.002786986228685895,-0.004466518673245175
2023-04-19,-0.021558650934495383,0.004977936522083004,-0.01314383807601438,-0.00990818416280892
2023-04-20,-0.0071415524305247224,-0.0025297913601445288,0.004920081962987322,-0.001583753942560643
2023-04-21,0.0032287309510912188,0.0012574464263079843,0.018052382733257266,0.0075128533702188225
2023-04-24,-0.0008556357113065349,0.003831465166304504,0.004413520619819478,0.0024631166916058156
2023-04-25,-0.0011416075240596735,0.0076546618999151494,0.0003777790338823639,0.002296944469912613
2023-04-26,0.002163470576256765,-0.005871009970824459,0.0069741530555698095,0.0010888712203340385
2023-04-27,0.01523347352341764,0.006329077382472015,-0.0031893379179184222,0.006124404329323744
2023-04-28,0.005215839439679293,0.01827890363026685,0.009818130795438806,0.01110429128846165
2023-05-03,-0.006497132934442651,-0.00858236750432706,-0.012269429737362003,-0.00911631005871057
2023-05-04,0.0034667116086282146,0.011528404448272411,0.012830568161621203,0.009275228072840608
2023-05-05,-0.011346195992461339,-0.0025530362364671877,0.003105188945220716,-0.003598014427902603
2023-05-08,0.0051625026573103305,0.012347750322027062,0.00615951788118041,0.0078899236201726
2023-05-09,0.004029725125357819,0.003094666705899529,0.010044257583989857,0.005722883138415735
2023-05-10,-0.005862841846353106,0.006876407039037247,0.0010812670026871807,0.0006982773984571069
2023-05-11,-0.005660138401552439,-0.006529005968829105,-0.0014147982060969122,-0.004534647525492818
2023-05-12,-0.008677772910522075,0.0016329250122366634,-0.002391830183615773,-0.003145559360633728
2023-05-15,0.010560835973542293,0.0019723318141513513,-0.005879108967258628,0.002218019606811672
2023-05-16,0.0047282031537572156,-0.01424117909301359,0.0009523989721462733,-0.002853525655703367
2023-05-17,-0.01376255011016625,-0.005909365678753775,-0.01517736076209375,-0.011616425517004592
2023-05-18,-0.0007218117924320255,-0.0021520370135895694,-0.002757988723320781,-0.0018772791764474586
2023-05-19,0.018378903598216922,0.003245509108342981,0.0071877318005966195,0.009604048169052174
2023-05-22,0.018835183568643332,0.00534408472392478,0.023535193155530987,0.0159048204826997
2023-05-23,0.005607979866044666,-0.0001833179969257248,-0.0005003179598294105,0.0016414479697631768
2023-05-24,-0.0010767434372349616,-0.005825961955903014,0.0019109683901157304,-0.0016639123343407483
2023-05-25,0.004389099896298987,-0.00012284113014715548,-0.0029819308938761058,0.0004281092907585753
2023-05-26,0.010043142040151665,0.027275177223661906,0.010748551425707298,0.016022290229840287
2023-05-29,-0.002314878893432737,0.005625304653326557,-0.002568529268386577,0.0002472988305024144
2023-05-30,0.0071896054258588915,-0.00025790129032332576,-0.001249874876595558,0.0018939430863133357
2023-05-31,-0.004192343067140669,-0.01986161209619708,-0.008051220543292437,-0.010701725235543396
2023-06-01,0.000910189579919507,-0.002692365614762382,0.010487801945261666,0.00290187530347293
2023-06-02,-0.0023040193997202474,-0.0032680465833422323,-0.005535562231769209,-0.0037025427382772294
2023-06-05,0.004233975660377753,0.008981088632976197,-0.0050520037240338045,0.002721020189773382
2023-06-06,-0.019547789240279,0.0008475843253030746,-0.017209208582875668,-0.011969804499283865
2023-06-07,0.007779495259036429,0.0075827558042227405,0.01317923421807854,0.00951382842711257
2023-06-08,-0.004771360952075421,0.0006003982174092037,-0.011740823509661547,-0.005303928748109254
2023-06-09,-0.013135389584528201,-0.007081068347842723,-0.008388642576369953,-0.009535033502913624
2023-06-12,0.02053811078595258,0.0008864898643006214,0.011715783800130497,0.011046794816794565
2023-06-13,0.009984930401714998,0.014773657669752804,-0.0009855311533805144,0.007924352306029095
2023-06-14,-0.003410383597950206,0.012297308736523682,0.0022659951612720164,0.003717640099948497
2023-06-15,-0.010458257110662394,0.0002744434660606476,-0.003331291406383552,-0.0045050350169951
2023-06-16,0.0037690047533061044,0.009735408097244713,-0.012871826151573007,0.00021086223299260354
2023-06-19,0.0018193668566732768,-0.009932564181680537,0.011181294835772349,0.0010226991702550294
2023-06-20,0.00726425108902351,0.0020769665976194673,0.00538871945088637,0.004909979045843116
2023-06-21,-0.003107251412077794,0.002815661835301242,0.00944953603405052,0.0030526488190913224
2023-06-22,-0.01369917706487822,-0.011231128854577332,-0.006046430941344494,-0.010325578953600015
2023-06-23,-0.01291403002530167,-0.008183672162911604,-0.006839271306581907,-0.00931232449826506
2023-06-26,0.004229313160207138,-0.007635090280301071,-0.008301411183371576,-0.00390239610115517
2023-06-27,0.006927225057275388,0.0003607857306724416,0.0024140269829744376,0.0032340125903074224
2023-06-28,0.011101112945096858,0.01323874951584103,0.005660921134036823,0.010000261198324903
2023-07-03,-0.0013478724444166978,0.025664238955634522,-0.009069354786070183,0.005082337241715879
2023-07-04,0.008585106399740416,-0.010303294122121165,0.011169299308135372,0.0031503705285848746
2023-07-05,0.001598306127468252,-0.0016416790845353857,0.003354694541623404,0.001103773861518757
2023-07-06,-0.002523477444915434,0.02099047816519084,0.0008886310232709693,0.006451877247848792
2023-07-07,-0.01019430493357687,-0.0019516771665121224,0.0019109698056778424,-0.0034116707648037163
2023-07-10,-0.000789177847097533,0.03852136695901098,-0.01721127688275126,0.0068403040763873975
2023-07-11,0.014633306683843994,0.01084068045046327,0.00013779502510824493,0.008537260719805168
2023-07-12,-0.01134504217907395,0.0011033059813654322,-0.003819882991020429,-0.004687206396242982
2023-07-13,0.023850489767054617,-0.008942320122229841,0.02473998823240975,0.01321605262574484
2023-07-14,0.04457555007247449,-0.0008383881967419793,0.05211719626811062,0.03195145271461437
2023-07-17,-0.0021039277493360986,0.020432662990144124,-0.006529820463113012,0.003932971592565004
2023-07-18,0.0367194737462444,0.008492153248868206,0.0014748383209528537,0.015562155105355153
2023-07-19,-0.0001693330086744993,0.007587453680580669,-0.007663923712822318,-8.19343469720497e-05
2023-07-20,-0.01725485719435005,-0.0012110160113818491,0.0006500980386721089,-0.005938591722353262
2023-07-21,-0.08133846002183276,-0.030956034959494394,-0.027430489786105627,-0.04657499492247759
2023-07-24,0.0037549356825115066,-0.020226453762084984,0.0078525997779475,-0.0028729727672086596
2023-07-25,-0.001496316249799956,-0.000643187255803146,0.0012962468763841883,-0.00028108554307297123
2023-07-26,0.010677278996316097,0.016252271022634934,-0.0031921562878481913,0.007912464577034279
2023-07-27,0.0031880384780724746,-0.00930256143102326,0.0025380897688400683,-0.0011921443947035724
2023-07-28,-0.009348629967930733,0.010049186754339967,-0.012216995365463057,-0.003838812859684607
2023-07-31,0.01133893776316075,0.008465680377409468,0.019684809011248694,0.013163142383939636
2023-08-01,0.0070076583778166945,-0.014141513112179482,0.00894346345641095,0.0006032029073493872
2023-08-02,-0.006116352695883176,-0.010683463121801684,-0.0033024381976739514,-0.006700751338452936
2023-08-03,0.005490660843258999,-0.004203031225325504,-0.01182912563453109,-0.0035138320055325316
2023-08-04,0.010298227630906043,0.013591102765711627,0.012823754541965382,0.012237694979527683
2023-08-07,0.010628705556547047,0.005698252275666782,0.011761157308197934,0.00936270504680392
2023-08-08,-0.0020101017986451364,-0.006022619466385271,-0.003860430373677559,-0.003964383879569322
2023-08-09,0.0030212256691193318,0.006597185054120214,-0.0023337919181189992,0.0024282062683735157
2023-08-10,-0.003800948056566944,0.0044550500308568886,-0.00589184959414546,-0.0017459158732851716
2023-08-11,-0.012418106801032058,0.004218488758902961,0.001946523851846349,-0.00208436473009425
2023-08-14,0.015818078597352514,0.011817227450572343,0.0003045227341538226,0.009313276260692893
2023-08-17,-0.004899548061642611,-0.014426274382724147,-0.006549279184113965,-0.00862503387616024
2023-08-18,-0.016117074677581278,0.007407409568482626,-0.0199809983079009,-0.009563554472333183
2023-08-21,0.011952774087803597,-0.010911451236625624,0.010261083207832256,0.003767468686336742
2023-08-22,-0.001174113104920771,-0.0002381397614932279,-0.005732618721053351,-0.0023816238624891164
2023-08-23,0.0029921561740668956,0.0011114208967042405,0.004760354289284452,0.002954643786685196
2023-08-24,0.011115215489176489,-0.016810678936159063,-0.0030899843377786285,-0.0029284825949204008
2023-08-25,-0.002458434576468993,-0.004617245392697478,-0.0019038182339238263,-0.0029931660676967655
2023-08-28,-0.0031335171283584096,-0.00996634044703304,-0.0017005372416722953,-0.004933464939021248
2023-08-29,0.0014127616874763937,-0.009575326553045493,0.0001777557276585462,-0.0026616030459701845
2023-08-30,0.012344410602961764,-0.0009502163263850338,0.0043836284854035235,0.005259274253993418
2023-08-31,0.00020892506270731026,-0.0045698721851635815,-0.0100708708421956,-0.00481060598821729
2023-09-01,0.005851882119512375,0.002347180139612881,0.00667312500102768,0.004957395753384311
2023-09-04,0.01471755625202098,-0.0008081872384706479,0.01162976185541087,0.008513043622987066
2023-09-05,0.009419201671225785,0.005351327527525873,0.0031739344201167086,0.005981487872956122
2023-09-06,-0.0009805977170243008,0.002104193449001812,0.00016032902090157286,0.0004279749176263614
2023-09-07,-0.0076144255041386,0.0013587018437817289,0.007391040485017264,0.0003784389415534646
2023-09-08,0.0023189280260742517,0.0066612164456441025,-0.0038637788983787447,0.001705455191113203
2023-09-11,0.004661085982272661,0.010783439915323711,0.011258469145998928,0.0089009983478651
2023-09-12,0.01669560177206142,-0.01444676395906297,0.0287732138047454,0.010340683872581283
2023-09-13,-0.001832099218234351,0.005002351722485532,-0.003616522781568654,-0.0001487567591058241
2023-09-14,0.0057396315682629595,0.0009179448791560851,-0.002186128467183357,0.0014904826600785626
2023-09-15,0.0030857448540633214,0.0018546574157023432,0.010744261750225803,0.005228221339997155
2023-09-18,-0.013098617406778201,-0.008706756907667312,0.002181506258235766,-0.006541289352069915
2023-09-21,0.007716822014543379,-0.007283390526491962,-0.005754096465679148,-0.0017735549925425773
2023-09-22,-0.0037289908111978187,-0.004165238784385572,0.005117898371715723,-0.0009254437412892222
2023-09-25,-0.014704408127163449,-0.0061571762983752,-0.007353541258838581,-0.00940504189479241
2023-09-26,-0.009157888697320593,0.0008758885382182946,0.002390135399616522,-0.0019639549198285917
2023-09-27,0.004347337023416165,0.011270017825820933,0.0010040271766071918,0.005540460675281429
2023-09-28,-0.01877989627453136,-0.014690305766588474,-0.014640666834837446,-0.01603695629198576
2023-09-29,-0.002778715269138532,0.004669853732779838,-0.0023043349572198224,-0.00013773216452617199
2023-10-04,0.0072174964459748026,-0.0017255535877011008,0.006801733983291536,0.004097892280521745
2023-10-05,0.013224021544707254,-2.1468539502689232e-05,0.014585513768463398,0.009262688924555989
2023-10-06,0.010420502275855892,0.0016852102500659605,0.008929082680710687,0.007011598402210846
2023-10-09,-0.0021978061018984585,-0.008520313119544265,0.0046806382807322855,-0.0020124936469034793
2023-10-10,0.013351806669093857,0.004416409321920778,-0.002597486279366401,0.005056909903882745
2023-10-11,-0.000501659887245598,0.015876854862132417,-0.005235733293084466,0.003379820560600784
2023-10-12,-0.019338847594620567,0.0018548984063984086,-0.018656971238868114,-0.012046973475696757
2023-10-13,-0.023439099824715814,-4.250222979673701e-05,0.00798864712626668,-0.00516431830941529
2023-10-16,0.0020962833024606997,-0.002234707288520932,-0.013106191149545143,-0.004414871711868458
2023-10-17,0.005787404617762171,0.00477803910903396,-0.00482403385079655,0.0019138032919998602
2023-10-18,-0.0013173151645574643,-0.013268170571580029,-0.0056457659565618545,-0.006743750564233116
2023-10-19,-0.004789726048566312,-0.007680782866891889,-0.006497509245414812,-0.006322672720291004
2023-10-20,-0.004464205147316158,-0.003056974870395357,0.011256949397967286,0.001245256460085257
2023-10-23,-0.01303204778411382,-0.015614907520662857,-0.024152012403897194,-0.01759965590289129
2023-10-26,-0.0077369413444565716,-0.013928698015187257,-0.015736915378074756,-0.012467518245906195
2023-10-27,0.015373839503730835,0.0176511199924001,0.004255504356260875,0.012426821284130604
2023-10-30,-0.0023906299254904395,0.020610839735573316,0.008236499224195448,0.008818903011426108
2023-10-31,-0.006281602798761665,-0.01063791204998632,-0.0029006503962091257,-0.006606721748319036
2023-11-01,-0.010413605026046047,0.0041522675846532575,-0.011309914744341953,-0.00585708406191158
2023-11-02,0.01181540503770706,0.009924298360359796,0.008842290049623669,0.010193997815896841
2023-11-03,0.013794208987234269,-0.00021550362550659674,-0.0027381530819260425,0.003613517426600543
2023-11-06,0.01025888694072985,0.00832004213882076,0.00875897025245198,0.00911263311066753
2023-11-07,0.0007125464536492654,-0.006498527100767593,-0.0028993464721360773,-0.0028951090397514676
2023-11-08,-0.009470895494413822,0.005207045079708594,0.0032935518685031084,-0.0003234328487340399
2023-11-09,-0.011646219788283063,-0.010852376575814171,-0.010084351518149015,-0.010860982627415416
2023-11-10,-0.004328068579119937,0.0018827013309943297,-0.004182229132434712,-0.0022091987935201063
2023-11-13,0.0034334989162156937,-0.00012951321411958094,-0.000570064676271409,0.0009113070086082344
2023-11-16,0.024388519787871488,0.0018035497993185157,0.027479959184908642,0.017890676257366213
2023-11-17,-0.005086863342324444,-0.002181512827418408,0.001315048116506734,-0.001984442684412039
2023-11-20,-0.0006608455377503653,-0.00263212134007329,0.004896718269173483,0.0005345837971166092
2023-11-21,0.001670580029718538,0.012577891440507694,-0.0026710443729871525,0.0038591423657463597
2023-11-22,0.013064655438836947,0.0039093774606135945,0.005683497223783585,0.007552510041078042
2023-11-23,-0.005864992833187421,0.0030567865924862048,-0.00620363895431697,-0.0030039483983393955
2023-11-24,-0.008176568941903106,-0.0006679754440481744,-0.014579938144992366,-0.007808160843647882
2023-11-29,0.011714266969712561,0.0026311177982716316,0.012564391543492537,0.00896992543715891
2023-11-30,-0.0030488457566706373,-0.00968464262088975,-0.007442167352748497,-0.006725218576769627
2023-12-01,-0.001958468876516961,0.007087475090490347,0.006895749795721384,0.004008252003231591
2023-12-04,0.008297062254660759,0.010817360041088797,0.00022790591046684128,0.006447442735405466
2023-12-05,-0.007102083945567994,0.007251501401328131,0.0054520763296657115,0.0018671645951419493
2023-12-06,0.01399641762764059,0.009578512750230361,0.020528973312319954,0.014701301230063635
2023-12-07,-0.005697600800509961,-0.0016457133354845777,0.002996461445025078,-0.0014489508969898202
2023-12-08,0.017224978142069247,-0.0005291219788321477,0.0032643818628435017,0.006653412675360199
2023-12-11,-0.0017772815765287886,0.00146602116867256,0.004466791694718086,0.001385177095620619
2023-12-12,-0.00836400189194153,-0.014353436331283831,0.008015653371456821,-0.004900594950589513
2023-12-13,-0.018326022208403958,0.0040840263150419,-0.021391068742468988,-0.011877688211943682
2023-12-14,0.036197362097372565,0.012407878893459401,0.02050895573952838,0.02303806557678678
2023-12-15,0.05125054953956121,0.012763046382958443,0.05283268166354249,0.038948759195354045
2023-12-18,-0.008901529682417086,0.010177910915635469,-0.0004663053320873578,0.00027002530037700784
2023-12-19,-0.003867297170375039,0.01471637000434134,-0.011142207352843436,-9.771150629237857e-05
2023-12-20,-0.014053866776984392,-0.012098842466514048,-0.009472822084503063,-0.011875177109333834
2023-12-21,-0.00026034401191055156,0.014007963870131368,0.0019709086395078845,0.0052395094992429
2023-12-22,0.017513095084243924,0.0009756131270208801,0.009637002345972645,0.009375236852412483
2023-12-27,0.014994034230617403,0.003413530291134226,0.004123249380200367,0.007510271300650665
2023-12-28,-0.002839618204930394,0.007228825626734547,-0.0029649404356906217,0.0004747556620378437
2023-12-29,-0.012638810145531587,-0.007906325163964278,-0.0017105348665575892,-0.007418556725351151
2024-01-01,0.005476713212398288,0.002050396168889357,0.0046660586782740765,0.00406438935318724
2024-01-02,-0.010925941557926033,0.008281083212096307,-0.007320786518708822,-0.003321881621512849
2024-01-03,-0.0289362742020407,-0.010874167335911844,-0.02417272569854778,-0.021327722412166773
2024-01-04,0.015234721747368507,0.005167727650784659,-0.0067582642389291125,0.004548061719741351
2024-01-05,0.013122319557284934,0.004255552919257832,0.0193902799096064,0.012256050795383056
2024-01-08,-0.006362006539248344,-0.007803793461718667,-0.015944855990859375,-0.010036885330608794
2024-01-09,0.0042685222601226425,-0.0026474528378201967,0.0031536676611125802,0.0015915790278050084
2024-01-10,-0.006146615156473412,0.02697150762976075,0.006273937275546482,0.009032943249611272
2024-01-11,-0.01690909612053726,0.026300923271046495,0.006059589410202237,0.005150472186903824
2024-01-12,0.07934021113077216,0.007960064576844506,0.039418764504396187,0.04223968007067095
2024-01-15,0.02439919325111961,0.01707131014197394,0.00540835705162146,0.015626286814905
2024-01-16,-0.012438650020271447,-0.013987324778040766,-0.010886853676791874,-0.01243760949170136
2024-01-17,0.005301677648716918,-0.00949357378245308,0.006034275401198164,0.000614126422487334
2024-01-18,0.0014632880004692428,0.00468214079532725,0.004633779827098117,0.0035930695409648696
2024-01-19,0.010105780434104705,-0.00036551886013491686,0.017403631217556947,0.009047964263842245
2024-01-24,0.02024781375406448,0.011516122729174016,-0.004263527970209013,0.009166802837676494
2024-01-25,-0.0037603227980578247,0.00684581273665974,-0.008199275184073707,-0.0017045950818239304
2024-01-30,-0.0031089244336164334,-0.02791689228070482,-0.00011828218650411504,-0.010381366300275122
2024-01-31,0.005722363838893907,0.01349796178636642,0.004051935241918159,0.0077574202890594935
2024-02-01,-0.002317889324922162,1.7498419108363805e-05,0.010010639848100356,0.0025700829807621854
2024-02-02,0.021906164814771145,0.021764204567248813,0.029098455025623027,0.02425627480254766
2024-02-05,-0.0036317196882988956,-0.012811227643454104,0.0017649407419013663,-0.004892668863283878
2024-02-06,0.025041395865431637,-0.007800454661908263,0.04094839066317246,0.01939644395556528
2024-02-07,-0.020642298298828465,0.010050469389959238,-0.01271773006523047,-0.007769852991366566
2024-02-08,-0.000974256793330297,0.005529920201540195,0.01241628229776226,0.005657315235324052
2024-02-09,-0.013444859547832588,0.007326911261691604,-9.67871514521157e-05,-0.0020715784791977
2024-02-12,0.006439716472903756,-0.005750451759874653,-0.0031448477737745506,-0.000818527686915149
2024-02-13,0.0026486313912479353,0.008778908604551328,0.006988998614797515,0.006138846203532259
2024-02-14,-0.01089303892587734,0.011108435435896347,-0.011905056921667101,-0.003896553470549365
2024-02-15,0.006091679215812773,-0.0072737074332756,0.0007560191044828635,-0.0001420030376599878
2024-02-16,0.015092321648907836,-0.006816910580907831,0.006117180785164766,0.0047975306177215895
2024-02-19,-0.0011165615086792258,0.009191620663659084,-0.0059345090861508965,0.0007135166896096536
2024-02-20,-0.008530716537014538,-0.002018222149101634,-0.017825062155001015,-0.009458000280372395
2024-02-21,-0.017623457875307946,-0.002260388873158603,-0.009713085305814717,-0.009865644018093755
2024-02-22,0.01558384946652236,0.009572719437904942,0.023950853481301992,0.016369140795243098
2024-02-23,-0.0026764288032691264,0.00801423284464442,-0.008563431675990052,-0.0010752092115382526
2024-02-26,-0.009959061145078607,-0.004217973849401924,-0.01259840769366527,-0.008925147562715266
2024-02-27,0.002078154997607884,-0.001126117932493731,0.025830750015420456,0.008927595693511536
2024-02-28,0.004598482318460606,-0.020210035106284052,0.0035450700616257436,-0.004022160908732568
2024-02-29,0.0015855225199357115,0.0035552472908801924,-0.005790477216171985,-0.0002165691351186938
2024-03-01,-0.011470160711759991,0.021443640697963895,-0.00018302146894599858,0.003263486172419302
2024-03-04,-0.010575914080678817,0.010237124249434348,-0.003333965770564107,-0.0012242518672695253
2024-03-05,-0.01875159230422785,-0.0047765134225737915,-0.016810758426064942,-0.013446288050955527
2024-03-06,0.0068784108164070545,0.0018664936519132702,0.013010549021900575,0.007251817830073633
2024-03-07,-0.0006801282632931116,-0.016017931430034826,0.010899954163710701,-0.001932701843205745
2024-03-12,0.007715844744090594,0.006017466206097666,0.01695634961156789,0.010229886853918716
2024-03-13,-0.0009609241334560537,-0.029313676306674474,-0.010316776845093245,-0.013530459095074589
2024-03-14,0.026002333089854,-0.0004887439906255953,0.014123912882113565,0.013212500660447322
2024-03-15,-0.01167369796762141,-0.009256227853697174,0.002768810195527438,-0.006053705208597049
2024-03-18,-0.01918601606353043,0.014983516493044968,-0.0158203509544379,-0.006674283508307788
2024-03-19,-0.025707508226294196,-0.009882072088765459,-0.04219132933322067,-0.02592696988276011
2024-03-20,-0.004162782291684208,0.012980132816030832,-0.0016092531071852934,0.0024026991390537766
2024-03-21,-0.00016076345966631322,0.005004384894973679,0.0005162158584737231,0.0017866124312603628
2024-03-22,-0.029491244446701703,0.0027912400118077496,-0.015617989771828267,-0.014105998068907406
2024-03-27,-0.0058956185734917455,0.03556876117604446,-0.009438965999204796,0.006744725534449307
2024-03-28,0.009569740884760591,-0.00468904311904772,0.009216585801289146,0.004699094522334005
2024-04-02,-0.008425617309987699,0.0014647281291491066,-0.008412657636385545,-0.0051245156057413786
2024-04-03,-0.00148347079002642,-0.010323035879955644,0.016350046860544643,0.001514513396854193
2024-04-04,0.0040859120362508605,-0.005894904358534014,0.01418682848176478,0.004125945386493875
2024-04-05,-0.005111985144056308,-0.0019311995654422986,-0.00600743957217198,-0.0043502080938901955
2024-04-08,-0.0016225781530853078,0.01772141919922743,-0.001683830665697994,0.004805003460148042
2024-04-09,0.01229096426888443,-0.015023746924568426,-0.006544908935311566,-0.003092563863665188
2024-04-10,0.007994191467507905,0.010880323249758295,0.009653969775538895,0.009509494830935031
2024-04-15,-0.011180169459540479,-0.00158474992307589,-0.01504469577924994,-0.009269871720622103
2024-04-16,-0.03657681992355777,0.0006315648789145811,-0.017355051841167812,-0.017766768961936998
2024-04-19,-0.005636766101750679,0.003960994375364457,-0.009269837349467402,-0.003648536358617875
2024-04-22,0.01523464304965172,0.006615009792733995,0.010036007538164027,0.010628553460183246
2024-04-23,0.006735298349636043,-0.013869611113239366,0.00261347571859627,-0.0015069456816690179
2024-04-24,-0.008076789728673539,-0.006270014606944763,-0.011265351360027598,-0.008537385231881967
2024-04-25,0.00538176044745442,0.006757739970109977,0.005520481366404706,0.005886660594656368
2024-04-26,-0.0057005195122663554,-0.0050855596537233705,-0.008008259317818345,-0.00626477949460269
2024-04-29,0.003146221710090158,0.008588228142784482,0.012783429107204425,0.008172626320026355
2024-04-30,-0.009897146275681279,0.0013480721435161769,-0.012802884984373875,-0.007117319705512992
